Rank,Image,Score,Positive,Negative,Prompt_Variant
1,Untitled (43).png,0.2181776314973831,0.3518287539482116,0.1336511224508285,V10 1.3.5 Pers Mid
2,Untitled (3).png,0.2157893925905227,0.3542360067367553,0.1384466141462326,V10 1.3.5 Pers Mid
3,Untitled (5).png,0.20964115858078,0.3593498170375824,0.1497086584568023,V10 1.3.5 Pers Mid
4,Dzine72.PNG,0.2088328748941421,0.3705585598945617,0.1617256850004196,V10 1.3.5 Pers Mid
5,Untitled (63).png,0.2083279490470886,0.3806283473968506,0.1723003983497619,V10 1.3.5 Pers Mid
6,Untitled (47).png,0.2050867974758148,0.3393394947052002,0.1342526972293853,V10 1.3.5 Pers Mid
7,Untitled (40).png,0.2041020542383194,0.305485725402832,0.1013836711645126,V10 1.3.5 Pers Mid
8,Untitled (6).png,0.1922028958797454,0.3190824091434479,0.1268795132637024,V10 1.3.5 Pers Mid
9,Untitled (42).png,0.191976249217987,0.3553657829761505,0.1633895337581634,V10 1.3.5 Pers Mid
10,Untitled (41).png,0.1919118389487266,0.3013075590133667,0.10939572006464,V10 1.3.5 Pers Mid
11,Untitled (1).png,0.1897443085908889,0.3481599986553192,0.1584156900644302,V10 1.3.5 Pers Mid
12,Untitled (48).png,0.1856321841478347,0.2757548093795776,0.0901226252317428,V10 1.3.5 Pers Mid
13,Untitled (13).png,0.1829809546470642,0.3512890934944153,0.168308138847351,V10 1.3.5 Pers Mid
14,Untitled (46).png,0.1828620880842209,0.3323207497596741,0.1494586616754531,V10 1.3.5 Pers Mid
15,Untitled (12).png,0.1794450432062149,0.3186709880828857,0.1392259448766708,V10 1.3.5 Pers Mid
16,Untitled (14).png,0.1735720038414001,0.3181462585926056,0.1445742547512054,V10 1.3.5 Pers Mid
17,Untitled (4).png,0.1731622964143753,0.3119115829467773,0.138749286532402,V10 1.3.5 Pers Mid
18,Untitled (45).png,0.1718189567327499,0.3312705159187317,0.1594515591859817,V10 1.3.5 Pers Mid
19,Untitled (49).png,0.1665998473763466,0.2699633240699768,0.1033634766936302,V10 1.3.5 Pers Mid
20,Untitled (9).png,0.1613446921110153,0.2967047095298767,0.1353600174188614,V10 1.3.5 Pers Mid
21,Untitled (26).png,0.1476405411958694,0.2668048739433288,0.1191643327474594,V10 1.3.5 Pers Mid
22,Untitled (29).png,0.147431269288063,0.2479026615619659,0.1004713922739029,V10 1.3.5 Pers Mid
23,Untitled (15).png,0.1437994539737701,0.2655282616615295,0.1217288076877594,V10 1.3.5 Pers Mid
24,Untitled (61).png,0.1413909792900085,0.2798308432102203,0.1384398639202118,V10 1.3.5 Pers Mid
25,Untitled (25).png,0.1398431807756424,0.2699213624000549,0.1300781816244125,V10 1.3.5 Pers Mid
26,Untitled (2).png,0.138788491487503,0.2842254638671875,0.1454369723796844,V10 1.3.5 Pers Mid
27,Untitled (30).png,0.1378114521503448,0.2323278039693832,0.0945163518190383,V10 1.3.5 Pers Mid
28,Untitled (16).png,0.1301883310079574,0.2570154666900635,0.126827135682106,V10 1.3.5 Pers Mid
29,Untitled (62).png,0.1297473460435867,0.2698594629764557,0.1401121169328689,V10 1.3.5 Pers Mid
30,Untitled (58).png,0.1247831284999847,0.2540439367294311,0.1292608082294464,V10 1.3.5 Pers Mid
31,Untitled (59).png,0.1213572025299072,0.2786684036254883,0.157311201095581,V10 1.3.5 Pers Mid
32,Untitled (8).png,0.115356221795082,0.2317302525043487,0.1163740307092666,V10 1.3.5 Pers Mid
33,Dzine21.PNG,0.1123029664158821,0.2230948656797409,0.1107918992638588,V10 1.3.5 Pers Mid
34,Untitled (31).png,0.1112639158964157,0.2101545333862304,0.0988906174898147,V10 1.3.5 Pers Mid
35,Untitled (23).png,0.1093992590904235,0.2376491278409958,0.1282498687505722,V10 1.3.5 Pers Mid
36,Untitled (60).png,0.1031425595283508,0.2641298472881317,0.1609872877597808,V10 1.3.5 Pers Mid
37,Untitled (27).png,0.1009564772248268,0.2192012071609497,0.1182447299361229,V10 1.3.5 Pers Mid
38,Dzine22.PNG,0.0882163643836975,0.2074943333864212,0.1192779690027237,V10 1.3.5 Pers Mid
39,Untitled (33).png,0.0880418047308921,0.1901862621307373,0.1021444573998451,V10 1.3.5 Pers Mid
40,Untitled (19).png,0.0879926979541778,0.204772338271141,0.1167796403169632,V10 1.3.5 Pers Mid
41,Untitled (20).png,0.0879926979541778,0.204772338271141,0.1167796403169632,V10 1.3.5 Pers Mid
42,Untitled (24).png,0.0814394652843475,0.2214049696922302,0.1399655044078827,V10 1.3.5 Pers Mid
43,Untitled (28).png,0.072154551744461,0.2202544808387756,0.1480999290943145,V10 1.3.5 Pers Mid
44,Untitled (17).png,0.0657235234975814,0.1921451091766357,0.1264215856790542,V10 1.3.5 Pers Mid
45,Untitled (18).png,0.0603305995464324,0.1867557764053344,0.1264251768589019,V10 1.3.5 Pers Mid
46,Untitled (53).png,0.0502867400646209,0.1557361483573913,0.1054494082927703,V10 1.3.5 Pers Mid
47,Untitled (52).png,0.035394974052906,0.1457786113023758,0.1103836372494697,V10 1.3.5 Pers Mid
48,Untitled (50).png,0.0252409279346466,0.1577786803245544,0.1325377523899078,V10 1.3.5 Pers Mid
49,Untitled (34).png,0.0209636464715003,0.0969818085432052,0.0760181620717048,V10 1.3.5 Pers Mid
50,Untitled (51).png,0.0180984586477279,0.1615734696388244,0.1434750109910965,V10 1.3.5 Pers Mid
51,Untitled (36).png,0.0076752454042434,0.1610649079084396,0.1533896625041961,V10 1.3.5 Pers Mid
52,Untitled (37).png,0.0028635114431381,0.1480174660682678,0.1451539546251297,V10 1.3.5 Pers Mid
53,Untitled (32).png,-0.0007940828800201,0.1467320024967193,0.1475260853767395,V10 1.3.5 Pers Mid
54,Untitled (35).png,-0.0180634707212448,0.1504582613706588,0.1685217320919037,V10 1.3.5 Pers Mid
1,Untitled (3).png,0.2176945060491562,0.3561411201953888,0.1384466141462326,V11 1.3.5.5 Pers Mid Focused
2,Untitled (43).png,0.2165491133928299,0.3502002358436584,0.1336511224508285,V11 1.3.5.5 Pers Mid Focused
3,Untitled (5).png,0.2093786597251892,0.3590873181819916,0.1497086584568023,V11 1.3.5.5 Pers Mid Focused
4,Untitled (63).png,0.205713152885437,0.378013551235199,0.1723003983497619,V11 1.3.5.5 Pers Mid Focused
5,Untitled (47).png,0.2053658962249755,0.3396185934543609,0.1342526972293853,V11 1.3.5.5 Pers Mid Focused
6,Untitled (40).png,0.2051228135824203,0.306506484746933,0.1013836711645126,V11 1.3.5.5 Pers Mid Focused
7,Dzine72.PNG,0.2034558206796646,0.3651815056800842,0.1617256850004196,V11 1.3.5.5 Pers Mid Focused
8,Untitled (6).png,0.1911544203758239,0.3180339336395263,0.1268795132637024,V11 1.3.5.5 Pers Mid Focused
9,Untitled (41).png,0.1908801421523094,0.3002758622169494,0.10939572006464,V11 1.3.5.5 Pers Mid Focused
10,Untitled (1).png,0.1895552724599838,0.347970962524414,0.1584156900644302,V11 1.3.5.5 Pers Mid Focused
11,Untitled (42).png,0.1880627274513244,0.3514522612094879,0.1633895337581634,V11 1.3.5.5 Pers Mid Focused
12,Untitled (48).png,0.1851148158311844,0.2752374410629272,0.0901226252317428,V11 1.3.5.5 Pers Mid Focused
13,Untitled (46).png,0.1845664232969284,0.3340250849723816,0.1494586616754531,V11 1.3.5.5 Pers Mid Focused
14,Untitled (13).png,0.1822711825370788,0.3505793213844299,0.168308138847351,V11 1.3.5.5 Pers Mid Focused
15,Untitled (45).png,0.1816530674695968,0.3411046266555786,0.1594515591859817,V11 1.3.5.5 Pers Mid Focused
16,Untitled (12).png,0.177295371890068,0.3165213167667389,0.1392259448766708,V11 1.3.5.5 Pers Mid Focused
17,Untitled (14).png,0.1732137501239776,0.3177880048751831,0.1445742547512054,V11 1.3.5.5 Pers Mid Focused
18,Untitled (4).png,0.1678421646356582,0.3065914511680603,0.138749286532402,V11 1.3.5.5 Pers Mid Focused
19,Untitled (49).png,0.1643374338746071,0.2677009105682373,0.1033634766936302,V11 1.3.5.5 Pers Mid Focused
20,Untitled (9).png,0.1632732301950454,0.2986332476139068,0.1353600174188614,V11 1.3.5.5 Pers Mid Focused
21,Untitled (15).png,0.1475570201873779,0.2692858278751373,0.1217288076877594,V11 1.3.5.5 Pers Mid Focused
22,Untitled (29).png,0.1459626406431198,0.2464340329170227,0.1004713922739029,V11 1.3.5.5 Pers Mid Focused
23,Untitled (61).png,0.1439577043056488,0.2823975682258606,0.1384398639202118,V11 1.3.5.5 Pers Mid Focused
24,Untitled (26).png,0.1424642950296402,0.2616286277770996,0.1191643327474594,V11 1.3.5.5 Pers Mid Focused
25,Untitled (30).png,0.1423624157905578,0.2368787676095962,0.0945163518190383,V11 1.3.5.5 Pers Mid Focused
26,Untitled (2).png,0.1400247514247894,0.2854617238044739,0.1454369723796844,V11 1.3.5.5 Pers Mid Focused
27,Untitled (25).png,0.1389044672250747,0.2689826488494873,0.1300781816244125,V11 1.3.5.5 Pers Mid Focused
28,Untitled (62).png,0.129320427775383,0.2694325447082519,0.1401121169328689,V11 1.3.5.5 Pers Mid Focused
29,Untitled (16).png,0.1284049600362777,0.2552320957183838,0.126827135682106,V11 1.3.5.5 Pers Mid Focused
30,Untitled (59).png,0.1215399503707885,0.2788511514663696,0.157311201095581,V11 1.3.5.5 Pers Mid Focused
31,Untitled (58).png,0.1185366809368133,0.2477974891662597,0.1292608082294464,V11 1.3.5.5 Pers Mid Focused
32,Untitled (8).png,0.1164255887269973,0.232799619436264,0.1163740307092666,V11 1.3.5.5 Pers Mid Focused
33,Untitled (31).png,0.1157840639352798,0.2146746814250946,0.0988906174898147,V11 1.3.5.5 Pers Mid Focused
34,Untitled (23).png,0.1119031459093093,0.2401530146598816,0.1282498687505722,V11 1.3.5.5 Pers Mid Focused
35,Dzine21.PNG,0.1087900027632713,0.2195819020271301,0.1107918992638588,V11 1.3.5.5 Pers Mid Focused
36,Untitled (27).png,0.099071480333805,0.2173162102699279,0.1182447299361229,V11 1.3.5.5 Pers Mid Focused
37,Untitled (60).png,0.0987193286418914,0.2597066164016723,0.1609872877597808,V11 1.3.5.5 Pers Mid Focused
38,Untitled (19).png,0.0876818299293518,0.204461470246315,0.1167796403169632,V11 1.3.5.5 Pers Mid Focused
39,Untitled (20).png,0.0876818299293518,0.204461470246315,0.1167796403169632,V11 1.3.5.5 Pers Mid Focused
40,Untitled (33).png,0.0865637734532356,0.1887082308530807,0.1021444573998451,V11 1.3.5.5 Pers Mid Focused
41,Dzine22.PNG,0.0810011476278305,0.2002791166305542,0.1192779690027237,V11 1.3.5.5 Pers Mid Focused
42,Untitled (24).png,0.0793082416057586,0.2192737460136413,0.1399655044078827,V11 1.3.5.5 Pers Mid Focused
43,Untitled (28).png,0.0625517666339874,0.210651695728302,0.1480999290943145,V11 1.3.5.5 Pers Mid Focused
44,Untitled (17).png,0.0619957596063613,0.1884173452854156,0.1264215856790542,V11 1.3.5.5 Pers Mid Focused
45,Untitled (18).png,0.0579067766666412,0.1843319535255432,0.1264251768589019,V11 1.3.5.5 Pers Mid Focused
46,Untitled (53).png,0.0544036775827407,0.1598530858755111,0.1054494082927703,V11 1.3.5.5 Pers Mid Focused
47,Untitled (52).png,0.0368618890643119,0.1472455263137817,0.1103836372494697,V11 1.3.5.5 Pers Mid Focused
48,Untitled (50).png,0.0245045274496078,0.1570422798395156,0.1325377523899078,V11 1.3.5.5 Pers Mid Focused
49,Untitled (34).png,0.0233742669224739,0.0993924289941787,0.0760181620717048,V11 1.3.5.5 Pers Mid Focused
50,Untitled (51).png,0.0146245807409286,0.1580995917320251,0.1434750109910965,V11 1.3.5.5 Pers Mid Focused
51,Untitled (36).png,0.0067632943391799,0.1601529568433761,0.1533896625041961,V11 1.3.5.5 Pers Mid Focused
52,Untitled (37).png,0.0053168386220932,0.1504707932472229,0.1451539546251297,V11 1.3.5.5 Pers Mid Focused
53,Untitled (32).png,-0.0076101422309875,0.1399159431457519,0.1475260853767395,V11 1.3.5.5 Pers Mid Focused
54,Untitled (35).png,-0.0205737501382827,0.1479479819536209,0.1685217320919037,V11 1.3.5.5 Pers Mid Focused
1,Untitled (47).png,0.2306745946407318,0.3649272918701172,0.1342526972293853,V12 1.3.6 Pers Long
2,Untitled (43).png,0.2165821641683578,0.3502332866191864,0.1336511224508285,V12 1.3.6 Pers Long
3,Untitled (13).png,0.2095813155174255,0.3778894543647766,0.168308138847351,V12 1.3.6 Pers Long
4,Untitled (46).png,0.2083414047956466,0.3578000664710998,0.1494586616754531,V12 1.3.6 Pers Long
5,Untitled (48).png,0.2066401094198227,0.2967627346515655,0.0901226252317428,V12 1.3.6 Pers Long
6,Untitled (6).png,0.2037433981895446,0.330622911453247,0.1268795132637024,V12 1.3.6 Pers Long
7,Untitled (3).png,0.198469653725624,0.3369162678718567,0.1384466141462326,V12 1.3.6 Pers Long
8,Untitled (42).png,0.1923340857028961,0.3557236194610595,0.1633895337581634,V12 1.3.6 Pers Long
9,Untitled (5).png,0.1920736730098724,0.3417823314666748,0.1497086584568023,V12 1.3.6 Pers Long
10,Untitled (14).png,0.1905968487262725,0.335171103477478,0.1445742547512054,V12 1.3.6 Pers Long
11,Untitled (63).png,0.188265174627304,0.360565572977066,0.1723003983497619,V12 1.3.6 Pers Long
12,Dzine72.PNG,0.1867119818925857,0.3484376668930053,0.1617256850004196,V12 1.3.6 Pers Long
13,Untitled (49).png,0.1849977150559425,0.2883611917495727,0.1033634766936302,V12 1.3.6 Pers Long
14,Untitled (9).png,0.1845642477273941,0.3199242651462555,0.1353600174188614,V12 1.3.6 Pers Long
15,Untitled (40).png,0.1763180643320083,0.277701735496521,0.1013836711645126,V12 1.3.6 Pers Long
16,Untitled (45).png,0.1733488291501999,0.3328003883361816,0.1594515591859817,V12 1.3.6 Pers Long
17,Untitled (29).png,0.1656688600778579,0.2661402523517608,0.1004713922739029,V12 1.3.6 Pers Long
18,Untitled (1).png,0.1626073867082595,0.3210230767726898,0.1584156900644302,V12 1.3.6 Pers Long
19,Untitled (2).png,0.1593052148818969,0.3047421872615814,0.1454369723796844,V12 1.3.6 Pers Long
20,Untitled (30).png,0.1582097262144088,0.2527260780334472,0.0945163518190383,V12 1.3.6 Pers Long
21,Untitled (41).png,0.1581009551882743,0.2674966752529144,0.10939572006464,V12 1.3.6 Pers Long
22,Untitled (15).png,0.1536312997341156,0.275360107421875,0.1217288076877594,V12 1.3.6 Pers Long
23,Untitled (61).png,0.1451230347156524,0.2835628986358642,0.1384398639202118,V12 1.3.6 Pers Long
24,Untitled (59).png,0.1428384780883789,0.3001496791839599,0.157311201095581,V12 1.3.6 Pers Long
25,Untitled (12).png,0.1372689455747604,0.2764948904514313,0.1392259448766708,V12 1.3.6 Pers Long
26,Untitled (62).png,0.1341354101896286,0.2742475271224975,0.1401121169328689,V12 1.3.6 Pers Long
27,Untitled (16).png,0.1336278766393661,0.2604550123214721,0.126827135682106,V12 1.3.6 Pers Long
28,Untitled (25).png,0.1322176307439804,0.2622958123683929,0.1300781816244125,V12 1.3.6 Pers Long
29,Untitled (26).png,0.1321481615304947,0.2513124942779541,0.1191643327474594,V12 1.3.6 Pers Long
30,Untitled (60).png,0.1313643157482147,0.2923516035079956,0.1609872877597808,V12 1.3.6 Pers Long
31,Untitled (31).png,0.1286361366510391,0.2275267541408538,0.0988906174898147,V12 1.3.6 Pers Long
32,Untitled (8).png,0.1278157383203506,0.2441897690296173,0.1163740307092666,V12 1.3.6 Pers Long
33,Untitled (4).png,0.1265962272882461,0.2653455138206482,0.138749286532402,V12 1.3.6 Pers Long
34,Untitled (27).png,0.1113902106881141,0.229634940624237,0.1182447299361229,V12 1.3.6 Pers Long
35,Untitled (33).png,0.0948615297675132,0.1970059871673584,0.1021444573998451,V12 1.3.6 Pers Long
36,Untitled (23).png,0.0855460613965988,0.213795930147171,0.1282498687505722,V12 1.3.6 Pers Long
37,Untitled (28).png,0.0852456390857696,0.2333455681800842,0.1480999290943145,V12 1.3.6 Pers Long
38,Dzine21.PNG,0.0822422727942466,0.1930341720581054,0.1107918992638588,V12 1.3.6 Pers Long
39,Untitled (19).png,0.0768565684556961,0.1936362087726593,0.1167796403169632,V12 1.3.6 Pers Long
40,Untitled (20).png,0.0768565684556961,0.1936362087726593,0.1167796403169632,V12 1.3.6 Pers Long
41,Untitled (53).png,0.0720836818218231,0.1775330901145935,0.1054494082927703,V12 1.3.6 Pers Long
42,Untitled (58).png,0.0711001455783844,0.2003609538078308,0.1292608082294464,V12 1.3.6 Pers Long
43,Untitled (18).png,0.066330149769783,0.192755326628685,0.1264251768589019,V12 1.3.6 Pers Long
44,Dzine22.PNG,0.055447444319725,0.1747254133224487,0.1192779690027237,V12 1.3.6 Pers Long
45,Untitled (24).png,0.0543882399797439,0.1943537443876266,0.1399655044078827,V12 1.3.6 Pers Long
46,Untitled (52).png,0.052088014781475,0.1624716520309448,0.1103836372494697,V12 1.3.6 Pers Long
47,Untitled (17).png,0.0513931363821029,0.1778147220611572,0.1264215856790542,V12 1.3.6 Pers Long
48,Untitled (50).png,0.0352222621440887,0.1677600145339965,0.1325377523899078,V12 1.3.6 Pers Long
49,Untitled (34).png,0.0302570536732673,0.1062752157449722,0.0760181620717048,V12 1.3.6 Pers Long
50,Untitled (51).png,0.0237180590629577,0.1671930700540542,0.1434750109910965,V12 1.3.6 Pers Long
51,Untitled (36).png,0.0146294236183166,0.1680190861225128,0.1533896625041961,V12 1.3.6 Pers Long
52,Untitled (37).png,0.0109456330537796,0.1560995876789093,0.1451539546251297,V12 1.3.6 Pers Long
53,Untitled (32).png,0.0057226121425628,0.1532486975193023,0.1475260853767395,V12 1.3.6 Pers Long
54,Untitled (35).png,-0.0024599581956863,0.1660617738962173,0.1685217320919037,V12 1.3.6 Pers Long
1,Untitled (47).png,0.2314436137676239,0.3656963109970093,0.1342526972293853,V13 1.3.6.5 Pers Long Focused
2,Untitled (46).png,0.2098969370126724,0.3593555986881256,0.1494586616754531,V13 1.3.6.5 Pers Long Focused
3,Untitled (43).png,0.2072842270135879,0.3409353494644165,0.1336511224508285,V13 1.3.6.5 Pers Long Focused
4,Untitled (13).png,0.2058790326118469,0.374187171459198,0.168308138847351,V13 1.3.6.5 Pers Long Focused
5,Untitled (48).png,0.2032942920923233,0.2934169173240661,0.0901226252317428,V13 1.3.6.5 Pers Long Focused
6,Untitled (6).png,0.2010295391082763,0.3279090523719787,0.1268795132637024,V13 1.3.6.5 Pers Long Focused
7,Untitled (3).png,0.1942133754491806,0.3326599895954132,0.1384466141462326,V13 1.3.6.5 Pers Long Focused
8,Untitled (14).png,0.1905042231082916,0.335078477859497,0.1445742547512054,V13 1.3.6.5 Pers Long Focused
9,Untitled (9).png,0.1876693218946457,0.3230293393135071,0.1353600174188614,V13 1.3.6.5 Pers Long Focused
10,Untitled (5).png,0.186888039112091,0.3365966975688934,0.1497086584568023,V13 1.3.6.5 Pers Long Focused
11,Untitled (42).png,0.1825673878192901,0.3459569215774536,0.1633895337581634,V13 1.3.6.5 Pers Long Focused
12,Untitled (49).png,0.179664172232151,0.2830276489257812,0.1033634766936302,V13 1.3.6.5 Pers Long Focused
13,Untitled (63).png,0.1788566410541534,0.3511570394039154,0.1723003983497619,V13 1.3.6.5 Pers Long Focused
14,Dzine72.PNG,0.1765431314706802,0.3382688164710998,0.1617256850004196,V13 1.3.6.5 Pers Long Focused
15,Untitled (45).png,0.1735395640134811,0.3329911231994629,0.1594515591859817,V13 1.3.6.5 Pers Long Focused
16,Untitled (40).png,0.171052411198616,0.2724360823631286,0.1013836711645126,V13 1.3.6.5 Pers Long Focused
17,Untitled (2).png,0.1627204120159149,0.3081573843955993,0.1454369723796844,V13 1.3.6.5 Pers Long Focused
18,Untitled (29).png,0.1622505635023117,0.2627219557762146,0.1004713922739029,V13 1.3.6.5 Pers Long Focused
19,Untitled (1).png,0.1592255979776382,0.3176412880420685,0.1584156900644302,V13 1.3.6.5 Pers Long Focused
20,Untitled (30).png,0.1591144055128097,0.2536307573318481,0.0945163518190383,V13 1.3.6.5 Pers Long Focused
21,Untitled (15).png,0.1570405662059784,0.2787693738937378,0.1217288076877594,V13 1.3.6.5 Pers Long Focused
22,Untitled (41).png,0.1499911770224571,0.2593868970870971,0.10939572006464,V13 1.3.6.5 Pers Long Focused
23,Untitled (61).png,0.1438196301460266,0.2822594940662384,0.1384398639202118,V13 1.3.6.5 Pers Long Focused
24,Untitled (59).png,0.1433681845664978,0.3006793856620788,0.157311201095581,V13 1.3.6.5 Pers Long Focused
25,Untitled (16).png,0.1332401782274246,0.2600673139095306,0.126827135682106,V13 1.3.6.5 Pers Long Focused
26,Untitled (8).png,0.1322682350873947,0.2486422657966613,0.1163740307092666,V13 1.3.6.5 Pers Long Focused
27,Untitled (12).png,0.130917027592659,0.2701429724693298,0.1392259448766708,V13 1.3.6.5 Pers Long Focused
28,Untitled (31).png,0.130508467555046,0.2293990850448608,0.0988906174898147,V13 1.3.6.5 Pers Long Focused
29,Untitled (62).png,0.1292332261800766,0.2693453431129455,0.1401121169328689,V13 1.3.6.5 Pers Long Focused
30,Untitled (25).png,0.1255503445863723,0.2556285262107849,0.1300781816244125,V13 1.3.6.5 Pers Long Focused
31,Untitled (60).png,0.1246978938579559,0.2856851816177368,0.1609872877597808,V13 1.3.6.5 Pers Long Focused
32,Untitled (26).png,0.123256042599678,0.2424203753471374,0.1191643327474594,V13 1.3.6.5 Pers Long Focused
33,Untitled (4).png,0.1178448349237442,0.2565941214561462,0.138749286532402,V13 1.3.6.5 Pers Long Focused
34,Untitled (27).png,0.1074448451399803,0.2256895750761032,0.1182447299361229,V13 1.3.6.5 Pers Long Focused
35,Untitled (33).png,0.090392880141735,0.1925373375415802,0.1021444573998451,V13 1.3.6.5 Pers Long Focused
36,Untitled (23).png,0.0813529044389724,0.2096027731895446,0.1282498687505722,V13 1.3.6.5 Pers Long Focused
37,Untitled (19).png,0.0806932002305984,0.1974728405475616,0.1167796403169632,V13 1.3.6.5 Pers Long Focused
38,Untitled (20).png,0.0806932002305984,0.1974728405475616,0.1167796403169632,V13 1.3.6.5 Pers Long Focused
39,Untitled (53).png,0.0791632086038589,0.1846126168966293,0.1054494082927703,V13 1.3.6.5 Pers Long Focused
40,Untitled (28).png,0.0771922320127487,0.2252921611070633,0.1480999290943145,V13 1.3.6.5 Pers Long Focused
41,Dzine21.PNG,0.0762928798794746,0.1870847791433334,0.1107918992638588,V13 1.3.6.5 Pers Long Focused
42,Untitled (18).png,0.0659425556659698,0.1923677325248718,0.1264251768589019,V13 1.3.6.5 Pers Long Focused
43,Untitled (58).png,0.06121826171875,0.1904790699481964,0.1292608082294464,V13 1.3.6.5 Pers Long Focused
44,Untitled (52).png,0.0586873814463615,0.1690710186958313,0.1103836372494697,V13 1.3.6.5 Pers Long Focused
45,Untitled (17).png,0.0524141639471054,0.1788357496261596,0.1264215856790542,V13 1.3.6.5 Pers Long Focused
46,Untitled (24).png,0.0484852790832519,0.1884507834911346,0.1399655044078827,V13 1.3.6.5 Pers Long Focused
47,Dzine22.PNG,0.048193946480751,0.1674719154834747,0.1192779690027237,V13 1.3.6.5 Pers Long Focused
48,Untitled (50).png,0.0420995950698852,0.1746373474597931,0.1325377523899078,V13 1.3.6.5 Pers Long Focused
49,Untitled (34).png,0.0325114205479621,0.108529582619667,0.0760181620717048,V13 1.3.6.5 Pers Long Focused
50,Untitled (51).png,0.0269157141447067,0.1703907251358032,0.1434750109910965,V13 1.3.6.5 Pers Long Focused
51,Untitled (37).png,0.0187263935804367,0.1638803482055664,0.1451539546251297,V13 1.3.6.5 Pers Long Focused
52,Untitled (36).png,0.0180310308933258,0.1714206933975219,0.1533896625041961,V13 1.3.6.5 Pers Long Focused
53,Untitled (32).png,0.002560019493103,0.1500861048698425,0.1475260853767395,V13 1.3.6.5 Pers Long Focused
54,Untitled (35).png,-0.0008606016635894,0.1676611304283142,0.1685217320919037,V13 1.3.6.5 Pers Long Focused
1,Untitled (43).png,0.2098727077245712,0.3502332866191864,0.1403605788946151,V14 1.4 Pers Long Focused Different Negative
2,Untitled (47).png,0.2019191682338714,0.3649272918701172,0.1630081236362457,V14 1.4 Pers Long Focused Different Negative
3,Untitled (48).png,0.1888462752103805,0.2967627346515655,0.107916459441185,V14 1.4 Pers Long Focused Different Negative
4,Untitled (42).png,0.1872001886367797,0.3557236194610595,0.1685234308242797,V14 1.4 Pers Long Focused Different Negative
5,Untitled (3).png,0.1858626008033752,0.3369162678718567,0.1510536670684814,V14 1.4 Pers Long Focused Different Negative
6,Untitled (46).png,0.1813263893127441,0.3578000664710998,0.1764736771583557,V14 1.4 Pers Long Focused Different Negative
7,Untitled (5).png,0.1793788820505142,0.3417823314666748,0.1624034494161605,V14 1.4 Pers Long Focused Different Negative
8,Untitled (63).png,0.1739244759082794,0.360565572977066,0.1866410970687866,V14 1.4 Pers Long Focused Different Negative
9,Untitled (13).png,0.1724540442228317,0.3778894543647766,0.2054354101419448,V14 1.4 Pers Long Focused Different Negative
10,Untitled (45).png,0.1713522374629974,0.3328003883361816,0.1614481508731842,V14 1.4 Pers Long Focused Different Negative
11,Untitled (49).png,0.161569058895111,0.2883611917495727,0.1267921328544616,V14 1.4 Pers Long Focused Different Negative
12,Dzine72.PNG,0.1611411720514297,0.3484376668930053,0.1872964948415756,V14 1.4 Pers Long Focused Different Negative
13,Untitled (6).png,0.157395452260971,0.330622911453247,0.173227459192276,V14 1.4 Pers Long Focused Different Negative
14,Untitled (40).png,0.1534380167722702,0.277701735496521,0.1242637187242508,V14 1.4 Pers Long Focused Different Negative
15,Untitled (1).png,0.151791051030159,0.3210230767726898,0.1692320257425308,V14 1.4 Pers Long Focused Different Negative
16,Untitled (9).png,0.1492605805397033,0.3199242651462555,0.1706636846065521,V14 1.4 Pers Long Focused Different Negative
17,Untitled (14).png,0.1424120664596557,0.335171103477478,0.1927590370178222,V14 1.4 Pers Long Focused Different Negative
18,Untitled (41).png,0.1363919675350189,0.2674966752529144,0.1311047077178955,V14 1.4 Pers Long Focused Different Negative
19,Untitled (29).png,0.1328054964542389,0.2661402523517608,0.1333347558975219,V14 1.4 Pers Long Focused Different Negative
20,Untitled (30).png,0.1283508539199829,0.2527260780334472,0.1243752241134643,V14 1.4 Pers Long Focused Different Negative
21,Untitled (12).png,0.1183593273162841,0.2764948904514313,0.1581355631351471,V14 1.4 Pers Long Focused Different Negative
22,Untitled (2).png,0.1181201338768005,0.3047421872615814,0.1866220533847808,V14 1.4 Pers Long Focused Different Negative
23,Untitled (4).png,0.1099334359169006,0.2653455138206482,0.1554120779037475,V14 1.4 Pers Long Focused Different Negative
24,Untitled (62).png,0.1087783575057983,0.2742475271224975,0.1654691696166992,V14 1.4 Pers Long Focused Different Negative
25,Untitled (15).png,0.1068923771381378,0.275360107421875,0.1684677302837371,V14 1.4 Pers Long Focused Different Negative
26,Untitled (61).png,0.1061311364173889,0.2835628986358642,0.1774317622184753,V14 1.4 Pers Long Focused Different Negative
27,Untitled (26).png,0.1033326685428619,0.2513124942779541,0.1479798257350921,V14 1.4 Pers Long Focused Different Negative
28,Untitled (31).png,0.1025183945894241,0.2275267541408538,0.1250083595514297,V14 1.4 Pers Long Focused Different Negative
29,Untitled (59).png,0.0958650410175323,0.3001496791839599,0.2042846381664276,V14 1.4 Pers Long Focused Different Negative
30,Untitled (60).png,0.0889826267957687,0.2923516035079956,0.2033689767122268,V14 1.4 Pers Long Focused Different Negative
31,Untitled (8).png,0.0887958854436874,0.2441897690296173,0.1553938835859298,V14 1.4 Pers Long Focused Different Negative
32,Untitled (25).png,0.087939828634262,0.2622958123683929,0.1743559837341308,V14 1.4 Pers Long Focused Different Negative
33,Untitled (16).png,0.0826689600944519,0.2604550123214721,0.1777860522270202,V14 1.4 Pers Long Focused Different Negative
34,Untitled (27).png,0.0706198215484619,0.229634940624237,0.1590151190757751,V14 1.4 Pers Long Focused Different Negative
35,Untitled (33).png,0.0667173415422439,0.1970059871673584,0.1302886456251144,V14 1.4 Pers Long Focused Different Negative
36,Untitled (28).png,0.0547497421503067,0.2333455681800842,0.1785958260297775,V14 1.4 Pers Long Focused Different Negative
37,Untitled (53).png,0.0506284832954406,0.1775330901145935,0.1269046068191528,V14 1.4 Pers Long Focused Different Negative
38,Untitled (58).png,0.0448272228240966,0.2003609538078308,0.1555337309837341,V14 1.4 Pers Long Focused Different Negative
39,Untitled (52).png,0.0366643816232681,0.1624716520309448,0.1258072704076767,V14 1.4 Pers Long Focused Different Negative
40,Untitled (23).png,0.0355916172266006,0.213795930147171,0.1782043129205703,V14 1.4 Pers Long Focused Different Negative
41,Dzine21.PNG,0.0279014259576797,0.1930341720581054,0.1651327461004257,V14 1.4 Pers Long Focused Different Negative
42,Untitled (18).png,0.027562066912651,0.192755326628685,0.1651932597160339,V14 1.4 Pers Long Focused Different Negative
43,Untitled (19).png,0.0268411636352539,0.1936362087726593,0.1667950451374054,V14 1.4 Pers Long Focused Different Negative
44,Untitled (20).png,0.0268411636352539,0.1936362087726593,0.1667950451374054,V14 1.4 Pers Long Focused Different Negative
45,Dzine22.PNG,0.0169901698827743,0.1747254133224487,0.1577352434396743,V14 1.4 Pers Long Focused Different Negative
46,Untitled (50).png,0.0165123343467712,0.1677600145339965,0.1512476801872253,V14 1.4 Pers Long Focused Different Negative
47,Untitled (24).png,0.014165312051773,0.1943537443876266,0.1801884323358535,V14 1.4 Pers Long Focused Different Negative
48,Untitled (51).png,0.0030025094747543,0.1671930700540542,0.1641905605792999,V14 1.4 Pers Long Focused Different Negative
49,Untitled (36).png,0.0023238807916641,0.1680190861225128,0.1656952053308487,V14 1.4 Pers Long Focused Different Negative
50,Untitled (17).png,0.0007036179304122,0.1778147220611572,0.1771111041307449,V14 1.4 Pers Long Focused Different Negative
51,Untitled (37).png,-0.001842439174652,0.1560995876789093,0.1579420268535614,V14 1.4 Pers Long Focused Different Negative
52,Untitled (32).png,-0.0099389851093292,0.1532486975193023,0.1631876826286316,V14 1.4 Pers Long Focused Different Negative
53,Untitled (34).png,-0.0112383589148521,0.1062752157449722,0.1175135746598243,V14 1.4 Pers Long Focused Different Negative
54,Untitled (35).png,-0.0175796598196029,0.1660617738962173,0.1836414337158203,V14 1.4 Pers Long Focused Different Negative
1,Untitled (40).png,0.1818408519029617,0.2832245230674743,0.1013836711645126,V3-1.3 Original Prompt
2,Untitled (41).png,0.1765082105994224,0.2859039306640625,0.10939572006464,V3-1.3 Original Prompt
3,Untitled (48).png,0.1681690067052841,0.258291631937027,0.0901226252317428,V3-1.3 Original Prompt
4,Untitled (49).png,0.1579153314232826,0.2612788081169128,0.1033634766936302,V3-1.3 Original Prompt
5,Untitled (62).png,0.1512656956911087,0.2913778126239776,0.1401121169328689,V3-1.3 Original Prompt
6,Untitled (3).png,0.1501208692789077,0.2885674834251404,0.1384466141462326,V3-1.3 Original Prompt
7,Untitled (26).png,0.1482063084840774,0.2673706412315368,0.1191643327474594,V3-1.3 Original Prompt
8,Dzine72.PNG,0.1467406004667282,0.3084662854671478,0.1617256850004196,V3-1.3 Original Prompt
9,Dzine21.PNG,0.1433407887816429,0.2541326880455017,0.1107918992638588,V3-1.3 Original Prompt
10,Untitled (12).png,0.1369228512048721,0.2761487960815429,0.1392259448766708,V3-1.3 Original Prompt
11,Untitled (4).png,0.1362876445055008,0.2750369310379028,0.138749286532402,V3-1.3 Original Prompt
12,Untitled (61).png,0.1361767351627349,0.2746165990829468,0.1384398639202118,V3-1.3 Original Prompt
13,Untitled (47).png,0.1348147392272949,0.2690674364566803,0.1342526972293853,V3-1.3 Original Prompt
14,Untitled (31).png,0.1342610567808151,0.2331516742706298,0.0988906174898147,V3-1.3 Original Prompt
15,Untitled (45).png,0.133980855345726,0.2934324145317077,0.1594515591859817,V3-1.3 Original Prompt
16,Untitled (30).png,0.1309029757976532,0.2254193276166916,0.0945163518190383,V3-1.3 Original Prompt
17,Untitled (25).png,0.1303099244832992,0.2603881061077118,0.1300781816244125,V3-1.3 Original Prompt
18,Untitled (23).png,0.1295525580644607,0.2578024268150329,0.1282498687505722,V3-1.3 Original Prompt
19,Untitled (5).png,0.1286322474479675,0.2783409059047699,0.1497086584568023,V3-1.3 Original Prompt
20,Dzine22.PNG,0.1261370331048965,0.2454150021076202,0.1192779690027237,V3-1.3 Original Prompt
21,Untitled (29).png,0.1258071660995483,0.2262785583734512,0.1004713922739029,V3-1.3 Original Prompt
22,Untitled (58).png,0.1247768402099609,0.2540376484394073,0.1292608082294464,V3-1.3 Original Prompt
23,Untitled (63).png,0.1223784983158111,0.2946788966655731,0.1723003983497619,V3-1.3 Original Prompt
24,Untitled (43).png,0.1181365996599197,0.2517877221107483,0.1336511224508285,V3-1.3 Original Prompt
25,Untitled (6).png,0.1146659553050994,0.2415454685688018,0.1268795132637024,V3-1.3 Original Prompt
26,Untitled (13).png,0.1144164502620697,0.2827245891094208,0.168308138847351,V3-1.3 Original Prompt
27,Untitled (59).png,0.1144010722637176,0.2717122733592987,0.157311201095581,V3-1.3 Original Prompt
28,Untitled (42).png,0.1123950779438018,0.2757846117019653,0.1633895337581634,V3-1.3 Original Prompt
29,Untitled (2).png,0.1088383793830871,0.2542753517627716,0.1454369723796844,V3-1.3 Original Prompt
30,Untitled (1).png,0.1067263931035995,0.2651420831680298,0.1584156900644302,V3-1.3 Original Prompt
31,Untitled (46).png,0.105904534459114,0.2553631961345672,0.1494586616754531,V3-1.3 Original Prompt
32,Untitled (24).png,0.1057673990726471,0.2457329034805297,0.1399655044078827,V3-1.3 Original Prompt
33,Untitled (53).png,0.1021932661533355,0.2076426744461059,0.1054494082927703,V3-1.3 Original Prompt
34,Untitled (27).png,0.1014003232121467,0.2196450531482696,0.1182447299361229,V3-1.3 Original Prompt
35,Untitled (60).png,0.101313441991806,0.2623007297515869,0.1609872877597808,V3-1.3 Original Prompt
36,Untitled (14).png,0.098300039768219,0.2428742945194244,0.1445742547512054,V3-1.3 Original Prompt
37,Untitled (8).png,0.0980283766984939,0.2144024074077606,0.1163740307092666,V3-1.3 Original Prompt
38,Untitled (9).png,0.0952987223863601,0.2306587398052215,0.1353600174188614,V3-1.3 Original Prompt
39,Untitled (15).png,0.0881149470806121,0.2098437547683715,0.1217288076877594,V3-1.3 Original Prompt
40,Untitled (34).png,0.0826684758067131,0.1586866378784179,0.0760181620717048,V3-1.3 Original Prompt
41,Untitled (33).png,0.0810276046395301,0.1831720620393753,0.1021444573998451,V3-1.3 Original Prompt
42,Untitled (37).png,0.077015608549118,0.2221695631742477,0.1451539546251297,V3-1.3 Original Prompt
43,Untitled (52).png,0.0749300792813301,0.1853137165307998,0.1103836372494697,V3-1.3 Original Prompt
44,Untitled (28).png,0.0738894343376159,0.2219893634319305,0.1480999290943145,V3-1.3 Original Prompt
45,Untitled (16).png,0.0721260607242584,0.1989531964063644,0.126827135682106,V3-1.3 Original Prompt
46,Untitled (19).png,0.0710821896791458,0.187861829996109,0.1167796403169632,V3-1.3 Original Prompt
47,Untitled (20).png,0.0710821896791458,0.187861829996109,0.1167796403169632,V3-1.3 Original Prompt
48,Untitled (17).png,0.0689742416143417,0.195395827293396,0.1264215856790542,V3-1.3 Original Prompt
49,Untitled (36).png,0.0672595053911209,0.220649167895317,0.1533896625041961,V3-1.3 Original Prompt
50,Untitled (18).png,0.0670054703950882,0.1934306472539901,0.1264251768589019,V3-1.3 Original Prompt
51,Untitled (50).png,0.0648137181997299,0.1973514705896377,0.1325377523899078,V3-1.3 Original Prompt
52,Untitled (35).png,0.0536451935768127,0.2221669256687164,0.1685217320919037,V3-1.3 Original Prompt
53,Untitled (51).png,0.0531320720911026,0.1966070830821991,0.1434750109910965,V3-1.3 Original Prompt
54,Untitled (32).png,0.0108709037303924,0.1583969891071319,0.1475260853767395,V3-1.3 Original Prompt
1,Untitled (40).png,0.1818408519029617,0.2832245230674743,0.1013836711645126,V4-1.3 Common Prompt
2,Untitled (41).png,0.1765082105994224,0.2859039306640625,0.10939572006464,V4-1.3 Common Prompt
3,Untitled (48).png,0.1681690067052841,0.258291631937027,0.0901226252317428,V4-1.3 Common Prompt
4,Untitled (49).png,0.1579153314232826,0.2612788081169128,0.1033634766936302,V4-1.3 Common Prompt
5,Untitled (62).png,0.1512656956911087,0.2913778126239776,0.1401121169328689,V4-1.3 Common Prompt
6,Untitled (3).png,0.1501208692789077,0.2885674834251404,0.1384466141462326,V4-1.3 Common Prompt
7,Untitled (26).png,0.1482063084840774,0.2673706412315368,0.1191643327474594,V4-1.3 Common Prompt
8,Dzine72.PNG,0.1467406004667282,0.3084662854671478,0.1617256850004196,V4-1.3 Common Prompt
9,Dzine21.PNG,0.1433407887816429,0.2541326880455017,0.1107918992638588,V4-1.3 Common Prompt
10,Untitled (12).png,0.1369228512048721,0.2761487960815429,0.1392259448766708,V4-1.3 Common Prompt
11,Untitled (4).png,0.1362876445055008,0.2750369310379028,0.138749286532402,V4-1.3 Common Prompt
12,Untitled (61).png,0.1361767351627349,0.2746165990829468,0.1384398639202118,V4-1.3 Common Prompt
13,Untitled (47).png,0.1348147392272949,0.2690674364566803,0.1342526972293853,V4-1.3 Common Prompt
14,Untitled (31).png,0.1342610567808151,0.2331516742706298,0.0988906174898147,V4-1.3 Common Prompt
15,Untitled (45).png,0.133980855345726,0.2934324145317077,0.1594515591859817,V4-1.3 Common Prompt
16,Untitled (30).png,0.1309029757976532,0.2254193276166916,0.0945163518190383,V4-1.3 Common Prompt
17,Untitled (25).png,0.1303099244832992,0.2603881061077118,0.1300781816244125,V4-1.3 Common Prompt
18,Untitled (23).png,0.1295525580644607,0.2578024268150329,0.1282498687505722,V4-1.3 Common Prompt
19,Untitled (5).png,0.1286322474479675,0.2783409059047699,0.1497086584568023,V4-1.3 Common Prompt
20,Dzine22.PNG,0.1261370331048965,0.2454150021076202,0.1192779690027237,V4-1.3 Common Prompt
21,Untitled (29).png,0.1258071660995483,0.2262785583734512,0.1004713922739029,V4-1.3 Common Prompt
22,Untitled (58).png,0.1247768402099609,0.2540376484394073,0.1292608082294464,V4-1.3 Common Prompt
23,Untitled (63).png,0.1223784983158111,0.2946788966655731,0.1723003983497619,V4-1.3 Common Prompt
24,Untitled (43).png,0.1181365996599197,0.2517877221107483,0.1336511224508285,V4-1.3 Common Prompt
25,Untitled (6).png,0.1146659553050994,0.2415454685688018,0.1268795132637024,V4-1.3 Common Prompt
26,Untitled (13).png,0.1144164502620697,0.2827245891094208,0.168308138847351,V4-1.3 Common Prompt
27,Untitled (59).png,0.1144010722637176,0.2717122733592987,0.157311201095581,V4-1.3 Common Prompt
28,Untitled (42).png,0.1123950779438018,0.2757846117019653,0.1633895337581634,V4-1.3 Common Prompt
29,Untitled (2).png,0.1088383793830871,0.2542753517627716,0.1454369723796844,V4-1.3 Common Prompt
30,Untitled (1).png,0.1067263931035995,0.2651420831680298,0.1584156900644302,V4-1.3 Common Prompt
31,Untitled (46).png,0.105904534459114,0.2553631961345672,0.1494586616754531,V4-1.3 Common Prompt
32,Untitled (24).png,0.1057673990726471,0.2457329034805297,0.1399655044078827,V4-1.3 Common Prompt
33,Untitled (53).png,0.1021932661533355,0.2076426744461059,0.1054494082927703,V4-1.3 Common Prompt
34,Untitled (27).png,0.1014003232121467,0.2196450531482696,0.1182447299361229,V4-1.3 Common Prompt
35,Untitled (60).png,0.101313441991806,0.2623007297515869,0.1609872877597808,V4-1.3 Common Prompt
36,Untitled (14).png,0.098300039768219,0.2428742945194244,0.1445742547512054,V4-1.3 Common Prompt
37,Untitled (8).png,0.0980283766984939,0.2144024074077606,0.1163740307092666,V4-1.3 Common Prompt
38,Untitled (9).png,0.0952987223863601,0.2306587398052215,0.1353600174188614,V4-1.3 Common Prompt
39,Untitled (15).png,0.0881149470806121,0.2098437547683715,0.1217288076877594,V4-1.3 Common Prompt
40,Untitled (34).png,0.0826684758067131,0.1586866378784179,0.0760181620717048,V4-1.3 Common Prompt
41,Untitled (33).png,0.0810276046395301,0.1831720620393753,0.1021444573998451,V4-1.3 Common Prompt
42,Untitled (37).png,0.077015608549118,0.2221695631742477,0.1451539546251297,V4-1.3 Common Prompt
43,Untitled (52).png,0.0749300792813301,0.1853137165307998,0.1103836372494697,V4-1.3 Common Prompt
44,Untitled (28).png,0.0738894343376159,0.2219893634319305,0.1480999290943145,V4-1.3 Common Prompt
45,Untitled (16).png,0.0721260607242584,0.1989531964063644,0.126827135682106,V4-1.3 Common Prompt
46,Untitled (19).png,0.0710821896791458,0.187861829996109,0.1167796403169632,V4-1.3 Common Prompt
47,Untitled (20).png,0.0710821896791458,0.187861829996109,0.1167796403169632,V4-1.3 Common Prompt
48,Untitled (17).png,0.0689742416143417,0.195395827293396,0.1264215856790542,V4-1.3 Common Prompt
49,Untitled (36).png,0.0672595053911209,0.220649167895317,0.1533896625041961,V4-1.3 Common Prompt
50,Untitled (18).png,0.0670054703950882,0.1934306472539901,0.1264251768589019,V4-1.3 Common Prompt
51,Untitled (50).png,0.0648137181997299,0.1973514705896377,0.1325377523899078,V4-1.3 Common Prompt
52,Untitled (35).png,0.0536451935768127,0.2221669256687164,0.1685217320919037,V4-1.3 Common Prompt
53,Untitled (51).png,0.0531320720911026,0.1966070830821991,0.1434750109910965,V4-1.3 Common Prompt
54,Untitled (32).png,0.0108709037303924,0.1583969891071319,0.1475260853767395,V4-1.3 Common Prompt
1,Untitled (40).png,0.1168188601732254,0.218202531337738,0.1013836711645126,V5-1.3.1 Main Positive Prompt
2,Untitled (41).png,0.1166997179389,0.22609543800354,0.10939572006464,V5-1.3.1 Main Positive Prompt
3,Untitled (12).png,0.1070464998483657,0.2462724447250366,0.1392259448766708,V5-1.3.1 Main Positive Prompt
4,Untitled (48).png,0.1066051572561264,0.1967277824878692,0.0901226252317428,V5-1.3.1 Main Positive Prompt
5,Dzine21.PNG,0.1052442714571952,0.216036170721054,0.1107918992638588,V5-1.3.1 Main Positive Prompt
6,Untitled (3).png,0.1021979004144668,0.2406445145606994,0.1384466141462326,V5-1.3.1 Main Positive Prompt
7,Untitled (4).png,0.1008495539426803,0.2395988404750824,0.138749286532402,V5-1.3.1 Main Positive Prompt
8,Untitled (8).png,0.0968744307756424,0.213248461484909,0.1163740307092666,V5-1.3.1 Main Positive Prompt
9,Untitled (26).png,0.0944519191980362,0.2136162519454956,0.1191643327474594,V5-1.3.1 Main Positive Prompt
10,Untitled (45).png,0.0894926488399505,0.2489442080259323,0.1594515591859817,V5-1.3.1 Main Positive Prompt
11,Untitled (47).png,0.0892519354820251,0.2235046327114105,0.1342526972293853,V5-1.3.1 Main Positive Prompt
12,Untitled (9).png,0.0889365822076797,0.2242965996265411,0.1353600174188614,V5-1.3.1 Main Positive Prompt
13,Untitled (58).png,0.0874437987804412,0.2167046070098877,0.1292608082294464,V5-1.3.1 Main Positive Prompt
14,Untitled (49).png,0.0860795900225639,0.1894430667161941,0.1033634766936302,V5-1.3.1 Main Positive Prompt
15,Dzine22.PNG,0.0860305577516555,0.2053085267543792,0.1192779690027237,V5-1.3.1 Main Positive Prompt
16,Untitled (25).png,0.0837732702493667,0.2138514518737793,0.1300781816244125,V5-1.3.1 Main Positive Prompt
17,Untitled (59).png,0.0835712552070617,0.2408824563026428,0.157311201095581,V5-1.3.1 Main Positive Prompt
18,Untitled (53).png,0.0830947905778884,0.1885441988706588,0.1054494082927703,V5-1.3.1 Main Positive Prompt
19,Untitled (23).png,0.0820875912904739,0.2103374600410461,0.1282498687505722,V5-1.3.1 Main Positive Prompt
20,Untitled (46).png,0.0815631002187728,0.231021761894226,0.1494586616754531,V5-1.3.1 Main Positive Prompt
21,Untitled (15).png,0.0801623165607452,0.2018911242485046,0.1217288076877594,V5-1.3.1 Main Positive Prompt
22,Untitled (60).png,0.079085573554039,0.2400728613138198,0.1609872877597808,V5-1.3.1 Main Positive Prompt
23,Untitled (5).png,0.0785962492227554,0.2283049076795578,0.1497086584568023,V5-1.3.1 Main Positive Prompt
24,Untitled (2).png,0.0784517079591751,0.2238886803388595,0.1454369723796844,V5-1.3.1 Main Positive Prompt
25,Untitled (52).png,0.0758965983986854,0.1862802356481552,0.1103836372494697,V5-1.3.1 Main Positive Prompt
26,Untitled (1).png,0.0741892307996749,0.2326049208641052,0.1584156900644302,V5-1.3.1 Main Positive Prompt
27,Untitled (63).png,0.0730519592761993,0.2453523576259613,0.1723003983497619,V5-1.3.1 Main Positive Prompt
28,Dzine72.PNG,0.0691032707691192,0.2308289557695388,0.1617256850004196,V5-1.3.1 Main Positive Prompt
29,Untitled (61).png,0.0654710084199905,0.2039108723402023,0.1384398639202118,V5-1.3.1 Main Positive Prompt
30,Untitled (43).png,0.0643208175897598,0.1979719400405883,0.1336511224508285,V5-1.3.1 Main Positive Prompt
31,Untitled (24).png,0.0616270899772644,0.2015925943851471,0.1399655044078827,V5-1.3.1 Main Positive Prompt
32,Untitled (62).png,0.0592295974493026,0.1993417143821716,0.1401121169328689,V5-1.3.1 Main Positive Prompt
33,Untitled (16).png,0.0585359334945678,0.1853630691766739,0.126827135682106,V5-1.3.1 Main Positive Prompt
34,Untitled (34).png,0.0567752197384834,0.1327933818101883,0.0760181620717048,V5-1.3.1 Main Positive Prompt
35,Untitled (27).png,0.0529160574078559,0.1711607873439788,0.1182447299361229,V5-1.3.1 Main Positive Prompt
36,Untitled (42).png,0.0517165958881378,0.2151061296463012,0.1633895337581634,V5-1.3.1 Main Positive Prompt
37,Untitled (33).png,0.0500061735510826,0.1521506309509277,0.1021444573998451,V5-1.3.1 Main Positive Prompt
38,Untitled (31).png,0.0487721860408782,0.147662803530693,0.0988906174898147,V5-1.3.1 Main Positive Prompt
39,Untitled (30).png,0.0458816885948181,0.1403980404138565,0.0945163518190383,V5-1.3.1 Main Positive Prompt
40,Untitled (17).png,0.0396669805049896,0.1660885661840438,0.1264215856790542,V5-1.3.1 Main Positive Prompt
41,Untitled (29).png,0.0387048572301864,0.1391762495040893,0.1004713922739029,V5-1.3.1 Main Positive Prompt
42,Untitled (19).png,0.0385932326316833,0.1553728729486465,0.1167796403169632,V5-1.3.1 Main Positive Prompt
43,Untitled (20).png,0.0385932326316833,0.1553728729486465,0.1167796403169632,V5-1.3.1 Main Positive Prompt
44,Untitled (6).png,0.0378199815750122,0.1646994948387146,0.1268795132637024,V5-1.3.1 Main Positive Prompt
45,Untitled (14).png,0.0370081663131713,0.1815824210643768,0.1445742547512054,V5-1.3.1 Main Positive Prompt
46,Untitled (50).png,0.0367257893085479,0.1692635416984558,0.1325377523899078,V5-1.3.1 Main Positive Prompt
47,Untitled (37).png,0.0355074405670166,0.1806613951921463,0.1451539546251297,V5-1.3.1 Main Positive Prompt
48,Untitled (13).png,0.0264471173286438,0.1947552561759948,0.168308138847351,V5-1.3.1 Main Positive Prompt
49,Untitled (36).png,0.025678128004074,0.1790677905082702,0.1533896625041961,V5-1.3.1 Main Positive Prompt
50,Untitled (51).png,0.0187847465276718,0.1622597575187683,0.1434750109910965,V5-1.3.1 Main Positive Prompt
51,Untitled (28).png,0.0176592618227005,0.165759190917015,0.1480999290943145,V5-1.3.1 Main Positive Prompt
52,Untitled (18).png,0.0095832198858261,0.1360083967447281,0.1264251768589019,V5-1.3.1 Main Positive Prompt
53,Untitled (32).png,0.0028568655252456,0.1503829509019851,0.1475260853767395,V5-1.3.1 Main Positive Prompt
54,Untitled (35).png,0.0018742978572845,0.1703960299491882,0.1685217320919037,V5-1.3.1 Main Positive Prompt
1,Untitled (40).png,0.190292403101921,0.2916760742664337,0.1013836711645126,V6 1.3.2 Full Posprompt
2,Untitled (41).png,0.1830446347594261,0.2924403548240661,0.10939572006464,V6 1.3.2 Full Posprompt
3,Untitled (48).png,0.1799973398447036,0.2701199650764465,0.0901226252317428,V6 1.3.2 Full Posprompt
4,Dzine21.PNG,0.1755829975008964,0.2863748967647552,0.1107918992638588,V6 1.3.2 Full Posprompt
5,Untitled (12).png,0.168629840016365,0.3078557848930359,0.1392259448766708,V6 1.3.2 Full Posprompt
6,Untitled (4).png,0.1654600352048874,0.3042093217372894,0.138749286532402,V6 1.3.2 Full Posprompt
7,Untitled (49).png,0.1647822633385658,0.268145740032196,0.1033634766936302,V6 1.3.2 Full Posprompt
8,Untitled (23).png,0.1537343114614486,0.2819841802120209,0.1282498687505722,V6 1.3.2 Full Posprompt
9,Untitled (61).png,0.1536813974380493,0.2921212613582611,0.1384398639202118,V6 1.3.2 Full Posprompt
10,Untitled (3).png,0.150034561753273,0.2884811758995056,0.1384466141462326,V6 1.3.2 Full Posprompt
11,Untitled (58).png,0.14961639046669,0.2788771986961365,0.1292608082294464,V6 1.3.2 Full Posprompt
12,Untitled (26).png,0.1469690054655075,0.2661333382129669,0.1191643327474594,V6 1.3.2 Full Posprompt
13,Untitled (62).png,0.1457201987504959,0.2858323156833648,0.1401121169328689,V6 1.3.2 Full Posprompt
14,Dzine72.PNG,0.1450302749872207,0.3067559599876404,0.1617256850004196,V6 1.3.2 Full Posprompt
15,Dzine22.PNG,0.1429395526647567,0.2622175216674804,0.1192779690027237,V6 1.3.2 Full Posprompt
16,Untitled (45).png,0.139397844672203,0.2988494038581848,0.1594515591859817,V6 1.3.2 Full Posprompt
17,Untitled (25).png,0.1389538198709488,0.2690320014953613,0.1300781816244125,V6 1.3.2 Full Posprompt
18,Untitled (53).png,0.1382227391004562,0.2436721473932266,0.1054494082927703,V6 1.3.2 Full Posprompt
19,Untitled (24).png,0.1359147131443023,0.275880217552185,0.1399655044078827,V6 1.3.2 Full Posprompt
20,Untitled (5).png,0.1324173212051391,0.2821259796619415,0.1497086584568023,V6 1.3.2 Full Posprompt
21,Untitled (6).png,0.1225422471761703,0.2494217604398727,0.1268795132637024,V6 1.3.2 Full Posprompt
22,Untitled (63).png,0.1195833086967468,0.2918837070465088,0.1723003983497619,V6 1.3.2 Full Posprompt
23,Untitled (1).png,0.1189956218004226,0.2774113118648529,0.1584156900644302,V6 1.3.2 Full Posprompt
24,Untitled (47).png,0.1187832355499267,0.2530359327793121,0.1342526972293853,V6 1.3.2 Full Posprompt
25,Untitled (59).png,0.1186914443969726,0.2760026454925537,0.157311201095581,V6 1.3.2 Full Posprompt
26,Untitled (43).png,0.1184740513563156,0.2521251738071441,0.1336511224508285,V6 1.3.2 Full Posprompt
27,Untitled (31).png,0.1122848242521286,0.2111754417419433,0.0988906174898147,V6 1.3.2 Full Posprompt
28,Untitled (13).png,0.1099142432212829,0.278222382068634,0.168308138847351,V6 1.3.2 Full Posprompt
29,Untitled (42).png,0.1094997823238372,0.2728893160820007,0.1633895337581634,V6 1.3.2 Full Posprompt
30,Untitled (14).png,0.1081558167934417,0.2527300715446472,0.1445742547512054,V6 1.3.2 Full Posprompt
31,Untitled (29).png,0.1069585233926773,0.2074299156665802,0.1004713922739029,V6 1.3.2 Full Posprompt
32,Untitled (60).png,0.1069032549858093,0.2678905427455902,0.1609872877597808,V6 1.3.2 Full Posprompt
33,Untitled (52).png,0.1041768118739128,0.2145604491233825,0.1103836372494697,V6 1.3.2 Full Posprompt
34,Untitled (30).png,0.1004329770803451,0.1949493288993835,0.0945163518190383,V6 1.3.2 Full Posprompt
35,Untitled (46).png,0.1001236587762832,0.2495823204517364,0.1494586616754531,V6 1.3.2 Full Posprompt
36,Untitled (15).png,0.0980788171291351,0.2198076248168945,0.1217288076877594,V6 1.3.2 Full Posprompt
37,Untitled (37).png,0.0943104922771453,0.239464446902275,0.1451539546251297,V6 1.3.2 Full Posprompt
38,Untitled (2).png,0.0932031869888305,0.238640159368515,0.1454369723796844,V6 1.3.2 Full Posprompt
39,Untitled (9).png,0.0887657403945922,0.2241257578134536,0.1353600174188614,V6 1.3.2 Full Posprompt
40,Untitled (17).png,0.0836470872163772,0.2100686728954315,0.1264215856790542,V6 1.3.2 Full Posprompt
41,Untitled (27).png,0.082419641315937,0.2006643712520599,0.1182447299361229,V6 1.3.2 Full Posprompt
42,Untitled (8).png,0.0821606665849685,0.1985346972942352,0.1163740307092666,V6 1.3.2 Full Posprompt
43,Untitled (19).png,0.0819752663373947,0.1987549066543579,0.1167796403169632,V6 1.3.2 Full Posprompt
44,Untitled (20).png,0.0819752663373947,0.1987549066543579,0.1167796403169632,V6 1.3.2 Full Posprompt
45,Untitled (50).png,0.074936032295227,0.2074737846851349,0.1325377523899078,V6 1.3.2 Full Posprompt
46,Untitled (18).png,0.0737424194812774,0.2001675963401794,0.1264251768589019,V6 1.3.2 Full Posprompt
47,Untitled (34).png,0.0728640779852867,0.1488822400569915,0.0760181620717048,V6 1.3.2 Full Posprompt
48,Untitled (36).png,0.0684066265821456,0.2217962890863418,0.1533896625041961,V6 1.3.2 Full Posprompt
49,Untitled (33).png,0.0670808479189872,0.1692253053188324,0.1021444573998451,V6 1.3.2 Full Posprompt
50,Untitled (35).png,0.0670703649520874,0.2355920970439911,0.1685217320919037,V6 1.3.2 Full Posprompt
51,Untitled (16).png,0.0647526830434799,0.1915798187255859,0.126827135682106,V6 1.3.2 Full Posprompt
52,Untitled (28).png,0.0646400451660156,0.2127399742603302,0.1480999290943145,V6 1.3.2 Full Posprompt
53,Untitled (51).png,0.0548227131366729,0.1982977241277694,0.1434750109910965,V6 1.3.2 Full Posprompt
54,Untitled (32).png,0.0036381185054779,0.1511642038822174,0.1475260853767395,V6 1.3.2 Full Posprompt
1,Untitled (12).png,0.1739118844270706,0.3131378293037414,0.1392259448766708,V7 1.3.3 Custom
2,Untitled (41).png,0.1698241457343101,0.2792198657989502,0.10939572006464,V7 1.3.3 Custom
3,Untitled (4).png,0.1693871170282364,0.3081364035606384,0.138749286532402,V7 1.3.3 Custom
4,Untitled (40).png,0.1572540551424026,0.2586377263069153,0.1013836711645126,V7 1.3.3 Custom
5,Untitled (3).png,0.1310575157403946,0.2695041298866272,0.1384466141462326,V7 1.3.3 Custom
6,Untitled (58).png,0.1267589032649994,0.2560197114944458,0.1292608082294464,V7 1.3.3 Custom
7,Untitled (5).png,0.1148078739643096,0.264516532421112,0.1497086584568023,V7 1.3.3 Custom
8,Dzine21.PNG,0.1144505962729454,0.2252424955368042,0.1107918992638588,V7 1.3.3 Custom
9,Untitled (45).png,0.1119155138731002,0.271367073059082,0.1594515591859817,V7 1.3.3 Custom
10,Untitled (48).png,0.1080276072025299,0.1981502324342727,0.0901226252317428,V7 1.3.3 Custom
11,Untitled (1).png,0.1053111404180526,0.2637268304824829,0.1584156900644302,V7 1.3.3 Custom
12,Untitled (26).png,0.0997597426176071,0.2189240753650665,0.1191643327474594,V7 1.3.3 Custom
13,Dzine72.PNG,0.0994025021791458,0.2611281871795654,0.1617256850004196,V7 1.3.3 Custom
14,Dzine22.PNG,0.0977601110935211,0.2170380800962448,0.1192779690027237,V7 1.3.3 Custom
15,Untitled (59).png,0.0972422361373901,0.2545534372329712,0.157311201095581,V7 1.3.3 Custom
16,Untitled (23).png,0.0967341363430023,0.2249840050935745,0.1282498687505722,V7 1.3.3 Custom
17,Untitled (61).png,0.0931001007556915,0.2315399646759033,0.1384398639202118,V7 1.3.3 Custom
18,Untitled (49).png,0.0923983678221702,0.1957618445158004,0.1033634766936302,V7 1.3.3 Custom
19,Untitled (47).png,0.0852988362312316,0.219551533460617,0.1342526972293853,V7 1.3.3 Custom
20,Untitled (43).png,0.0845195800065994,0.2181707024574279,0.1336511224508285,V7 1.3.3 Custom
21,Untitled (63).png,0.0843704342842102,0.2566708326339721,0.1723003983497619,V7 1.3.3 Custom
22,Untitled (24).png,0.0817735344171524,0.2217390388250351,0.1399655044078827,V7 1.3.3 Custom
23,Untitled (25).png,0.0793372243642807,0.2094154059886932,0.1300781816244125,V7 1.3.3 Custom
24,Untitled (62).png,0.0772395879030227,0.2173517048358917,0.1401121169328689,V7 1.3.3 Custom
25,Untitled (42).png,0.07565937936306,0.2390489131212234,0.1633895337581634,V7 1.3.3 Custom
26,Untitled (46).png,0.0740712881088256,0.2235299497842788,0.1494586616754531,V7 1.3.3 Custom
27,Untitled (15).png,0.0692057907581329,0.1909345984458923,0.1217288076877594,V7 1.3.3 Custom
28,Untitled (53).png,0.0665040612220764,0.1719534695148468,0.1054494082927703,V7 1.3.3 Custom
29,Untitled (9).png,0.064923346042633,0.2002833634614944,0.1353600174188614,V7 1.3.3 Custom
30,Untitled (2).png,0.0631655752658844,0.2086025476455688,0.1454369723796844,V7 1.3.3 Custom
31,Untitled (60).png,0.0617004334926605,0.2226877212524414,0.1609872877597808,V7 1.3.3 Custom
32,Untitled (16).png,0.0557259917259216,0.1825531274080276,0.126827135682106,V7 1.3.3 Custom
33,Untitled (8).png,0.0466711074113845,0.1630451381206512,0.1163740307092666,V7 1.3.3 Custom
34,Untitled (13).png,0.0392454117536544,0.2075535506010055,0.168308138847351,V7 1.3.3 Custom
35,Untitled (14).png,0.036808356642723,0.1813826113939285,0.1445742547512054,V7 1.3.3 Custom
36,Untitled (52).png,0.035516582429409,0.1459002196788787,0.1103836372494697,V7 1.3.3 Custom
37,Untitled (6).png,0.0333818793296813,0.1602613925933838,0.1268795132637024,V7 1.3.3 Custom
38,Untitled (27).png,0.023985631763935,0.1422303617000579,0.1182447299361229,V7 1.3.3 Custom
39,Untitled (19).png,0.0234328657388687,0.1402125060558319,0.1167796403169632,V7 1.3.3 Custom
40,Untitled (20).png,0.0234328657388687,0.1402125060558319,0.1167796403169632,V7 1.3.3 Custom
41,Untitled (17).png,0.0201333910226821,0.1465549767017364,0.1264215856790542,V7 1.3.3 Custom
42,Untitled (50).png,0.0070761144161224,0.1396138668060302,0.1325377523899078,V7 1.3.3 Custom
43,Untitled (33).png,0.0046982690691947,0.1068427264690399,0.1021444573998451,V7 1.3.3 Custom
44,Untitled (31).png,0.0032418742775917,0.1021324917674064,0.0988906174898147,V7 1.3.3 Custom
45,Untitled (29).png,-0.0003436654806137,0.1001277267932891,0.1004713922739029,V7 1.3.3 Custom
46,Untitled (30).png,-0.0057565197348594,0.0887598320841789,0.0945163518190383,V7 1.3.3 Custom
47,Untitled (51).png,-0.0096209496259689,0.1338540613651275,0.1434750109910965,V7 1.3.3 Custom
48,Untitled (18).png,-0.0384121164679527,0.0880130603909492,0.1264251768589019,V7 1.3.3 Custom
49,Untitled (28).png,-0.038838043808937,0.1092618852853775,0.1480999290943145,V7 1.3.3 Custom
50,Untitled (34).png,-0.0510462038218975,0.0249719582498073,0.0760181620717048,V7 1.3.3 Custom
51,Untitled (32).png,-0.0591674968600273,0.0883585885167121,0.1475260853767395,V7 1.3.3 Custom
52,Untitled (37).png,-0.0714973360300064,0.0736566185951232,0.1451539546251297,V7 1.3.3 Custom
53,Untitled (36).png,-0.0770462155342102,0.0763434469699859,0.1533896625041961,V7 1.3.3 Custom
54,Untitled (35).png,-0.0929611325263977,0.0755605995655059,0.1685217320919037,V7 1.3.3 Custom
1,Untitled (41).png,0.1905416473746299,0.29993736743927,0.10939572006464,V8 1.3.4 Pers Close
2,Untitled (12).png,0.1834442764520645,0.3226702213287353,0.1392259448766708,V8 1.3.4 Pers Close
3,Untitled (4).png,0.1767637282609939,0.315513014793396,0.138749286532402,V8 1.3.4 Pers Close
4,Untitled (40).png,0.1755559593439102,0.2769396305084228,0.1013836711645126,V8 1.3.4 Pers Close
5,Untitled (26).png,0.1560436636209488,0.2752079963684082,0.1191643327474594,V8 1.3.4 Pers Close
6,Untitled (58).png,0.14455446600914,0.2738152742385864,0.1292608082294464,V8 1.3.4 Pers Close
7,Untitled (3).png,0.1409778445959091,0.2794244587421417,0.1384466141462326,V8 1.3.4 Pers Close
8,Dzine21.PNG,0.139793299138546,0.2505851984024048,0.1107918992638588,V8 1.3.4 Pers Close
9,Untitled (5).png,0.1396516263484954,0.2893602848052978,0.1497086584568023,V8 1.3.4 Pers Close
10,Untitled (25).png,0.1337567120790481,0.2638348937034607,0.1300781816244125,V8 1.3.4 Pers Close
11,Untitled (43).png,0.1265921145677566,0.2602432370185852,0.1336511224508285,V8 1.3.4 Pers Close
12,Dzine72.PNG,0.1258075088262558,0.2875331938266754,0.1617256850004196,V8 1.3.4 Pers Close
13,Dzine22.PNG,0.1247062683105468,0.2439842373132705,0.1192779690027237,V8 1.3.4 Pers Close
14,Untitled (1).png,0.1204134374856948,0.2788291275501251,0.1584156900644302,V8 1.3.4 Pers Close
15,Untitled (23).png,0.1181869357824325,0.2464368045330047,0.1282498687505722,V8 1.3.4 Pers Close
16,Untitled (42).png,0.1175055503845214,0.2808950841426849,0.1633895337581634,V8 1.3.4 Pers Close
17,Untitled (45).png,0.1164707392454147,0.2759222984313965,0.1594515591859817,V8 1.3.4 Pers Close
18,Untitled (63).png,0.1129848957061767,0.2852852940559387,0.1723003983497619,V8 1.3.4 Pers Close
19,Untitled (15).png,0.1110402047634124,0.2327690124511718,0.1217288076877594,V8 1.3.4 Pers Close
20,Untitled (59).png,0.110563576221466,0.2678747773170471,0.157311201095581,V8 1.3.4 Pers Close
21,Untitled (24).png,0.1103803813457489,0.2503458857536316,0.1399655044078827,V8 1.3.4 Pers Close
22,Untitled (47).png,0.099326804280281,0.2335795015096664,0.1342526972293853,V8 1.3.4 Pers Close
23,Untitled (16).png,0.0884557962417602,0.2152829319238662,0.126827135682106,V8 1.3.4 Pers Close
24,Untitled (9).png,0.0864264070987701,0.2217864245176315,0.1353600174188614,V8 1.3.4 Pers Close
25,Untitled (46).png,0.0849473029375076,0.2344059646129608,0.1494586616754531,V8 1.3.4 Pers Close
26,Untitled (27).png,0.0841642543673515,0.2024089843034744,0.1182447299361229,V8 1.3.4 Pers Close
27,Untitled (2).png,0.0735906362533569,0.2190276086330413,0.1454369723796844,V8 1.3.4 Pers Close
28,Untitled (60).png,0.0715704560279846,0.2325577437877655,0.1609872877597808,V8 1.3.4 Pers Close
29,Untitled (48).png,0.0673251897096633,0.1574478149414062,0.0901226252317428,V8 1.3.4 Pers Close
30,Untitled (19).png,0.0633429288864135,0.1801225692033767,0.1167796403169632,V8 1.3.4 Pers Close
31,Untitled (20).png,0.0633429288864135,0.1801225692033767,0.1167796403169632,V8 1.3.4 Pers Close
32,Untitled (8).png,0.0593356937170028,0.1757097244262695,0.1163740307092666,V8 1.3.4 Pers Close
33,Untitled (13).png,0.0565596371889114,0.2248677760362625,0.168308138847351,V8 1.3.4 Pers Close
34,Untitled (17).png,0.0538081526756286,0.1802297383546829,0.1264215856790542,V8 1.3.4 Pers Close
35,Untitled (49).png,0.0531686022877693,0.1565320789813995,0.1033634766936302,V8 1.3.4 Pers Close
36,Untitled (61).png,0.0527108609676361,0.1911507248878479,0.1384398639202118,V8 1.3.4 Pers Close
37,Untitled (62).png,0.0388583689928054,0.1789704859256744,0.1401121169328689,V8 1.3.4 Pers Close
38,Untitled (29).png,0.0366985946893692,0.1371699869632721,0.1004713922739029,V8 1.3.4 Pers Close
39,Untitled (28).png,0.0317271649837493,0.1798270940780639,0.1480999290943145,V8 1.3.4 Pers Close
40,Untitled (33).png,0.0305833891034126,0.1327278465032577,0.1021444573998451,V8 1.3.4 Pers Close
41,Untitled (6).png,0.0297284871339797,0.1566080003976822,0.1268795132637024,V8 1.3.4 Pers Close
42,Untitled (30).png,0.0291489958763122,0.1236653476953506,0.0945163518190383,V8 1.3.4 Pers Close
43,Untitled (53).png,0.0264770984649658,0.1319265067577362,0.1054494082927703,V8 1.3.4 Pers Close
44,Untitled (31).png,0.0263537615537643,0.1252443790435791,0.0988906174898147,V8 1.3.4 Pers Close
45,Untitled (14).png,0.019337385892868,0.1639116406440735,0.1445742547512054,V8 1.3.4 Pers Close
46,Untitled (52).png,0.0093603357672691,0.1197439730167388,0.1103836372494697,V8 1.3.4 Pers Close
47,Untitled (34).png,0.0040608271956443,0.0800789892673492,0.0760181620717048,V8 1.3.4 Pers Close
48,Untitled (51).png,-0.0017843544483184,0.141690656542778,0.1434750109910965,V8 1.3.4 Pers Close
49,Untitled (50).png,-0.0022872388362884,0.1302505135536193,0.1325377523899078,V8 1.3.4 Pers Close
50,Untitled (18).png,-0.0178742632269859,0.108550913631916,0.1264251768589019,V8 1.3.4 Pers Close
51,Untitled (36).png,-0.0216270387172698,0.1317626237869262,0.1533896625041961,V8 1.3.4 Pers Close
52,Untitled (37).png,-0.0217528641223907,0.1234010905027389,0.1451539546251297,V8 1.3.4 Pers Close
53,Untitled (32).png,-0.0259217321872711,0.1216043531894683,0.1475260853767395,V8 1.3.4 Pers Close
54,Untitled (35).png,-0.0415060669183731,0.1270156651735305,0.1685217320919037,V8 1.3.4 Pers Close
1,Untitled (41).png,0.2045769318938255,0.3139726519584656,0.10939572006464,V9 1.3.4.5 Pers Close Focused
2,Untitled (40).png,0.1888416558504104,0.2902253270149231,0.1013836711645126,V9 1.3.4.5 Pers Close Focused
3,Untitled (12).png,0.1717975586652755,0.3110235035419464,0.1392259448766708,V9 1.3.4.5 Pers Close Focused
4,Untitled (4).png,0.1621046215295791,0.3008539080619812,0.138749286532402,V9 1.3.4.5 Pers Close Focused
5,Untitled (26).png,0.1505030840635299,0.2696674168109894,0.1191643327474594,V9 1.3.4.5 Pers Close Focused
6,Dzine21.PNG,0.142379842698574,0.2531717419624328,0.1107918992638588,V9 1.3.4.5 Pers Close Focused
7,Untitled (25).png,0.1422149688005447,0.2722931504249573,0.1300781816244125,V9 1.3.4.5 Pers Close Focused
8,Untitled (58).png,0.138281375169754,0.2675421833992004,0.1292608082294464,V9 1.3.4.5 Pers Close Focused
9,Untitled (3).png,0.1276165395975113,0.2660631537437439,0.1384466141462326,V9 1.3.4.5 Pers Close Focused
10,Untitled (23).png,0.1244542151689529,0.2527040839195251,0.1282498687505722,V9 1.3.4.5 Pers Close Focused
11,Untitled (5).png,0.1206081211566925,0.2703167796134949,0.1497086584568023,V9 1.3.4.5 Pers Close Focused
12,Dzine72.PNG,0.1166632622480392,0.2783889472484588,0.1617256850004196,V9 1.3.4.5 Pers Close Focused
13,Dzine22.PNG,0.1120646893978118,0.2313426584005355,0.1192779690027237,V9 1.3.4.5 Pers Close Focused
14,Untitled (63).png,0.1094230413436889,0.2817234396934509,0.1723003983497619,V9 1.3.4.5 Pers Close Focused
15,Untitled (1).png,0.1076743751764297,0.26609006524086,0.1584156900644302,V9 1.3.4.5 Pers Close Focused
16,Untitled (43).png,0.1058781445026397,0.2395292669534683,0.1336511224508285,V9 1.3.4.5 Pers Close Focused
17,Untitled (24).png,0.1019427776336669,0.2419082820415496,0.1399655044078827,V9 1.3.4.5 Pers Close Focused
18,Untitled (15).png,0.098714143037796,0.2204429507255554,0.1217288076877594,V9 1.3.4.5 Pers Close Focused
19,Untitled (45).png,0.0948096066713333,0.254261165857315,0.1594515591859817,V9 1.3.4.5 Pers Close Focused
20,Untitled (59).png,0.0894104242324829,0.2467216253280639,0.157311201095581,V9 1.3.4.5 Pers Close Focused
21,Untitled (42).png,0.0821108222007751,0.2455003559589386,0.1633895337581634,V9 1.3.4.5 Pers Close Focused
22,Untitled (27).png,0.0743096396327018,0.1925543695688247,0.1182447299361229,V9 1.3.4.5 Pers Close Focused
23,Untitled (16).png,0.0706193447113037,0.1974464803934097,0.126827135682106,V9 1.3.4.5 Pers Close Focused
24,Untitled (19).png,0.0596017092466354,0.1763813495635986,0.1167796403169632,V9 1.3.4.5 Pers Close Focused
25,Untitled (20).png,0.0596017092466354,0.1763813495635986,0.1167796403169632,V9 1.3.4.5 Pers Close Focused
26,Untitled (9).png,0.0566318482160568,0.1919918656349182,0.1353600174188614,V9 1.3.4.5 Pers Close Focused
27,Untitled (8).png,0.0534387379884719,0.1698127686977386,0.1163740307092666,V9 1.3.4.5 Pers Close Focused
28,Untitled (2).png,0.047529250383377,0.1929662227630615,0.1454369723796844,V9 1.3.4.5 Pers Close Focused
29,Untitled (47).png,0.045818418264389,0.1800711154937744,0.1342526972293853,V9 1.3.4.5 Pers Close Focused
30,Untitled (28).png,0.0395254790782928,0.1876254081726074,0.1480999290943145,V9 1.3.4.5 Pers Close Focused
31,Untitled (60).png,0.0388954132795333,0.1998827010393142,0.1609872877597808,V9 1.3.4.5 Pers Close Focused
32,Untitled (17).png,0.0376940816640853,0.1641156673431396,0.1264215856790542,V9 1.3.4.5 Pers Close Focused
33,Untitled (13).png,0.0356121957302093,0.2039203345775604,0.168308138847351,V9 1.3.4.5 Pers Close Focused
34,Untitled (33).png,0.0339651629328727,0.1361096203327179,0.1021444573998451,V9 1.3.4.5 Pers Close Focused
35,Untitled (46).png,0.03330098092556,0.1827596426010131,0.1494586616754531,V9 1.3.4.5 Pers Close Focused
36,Untitled (30).png,0.0319472402334213,0.1264635920524597,0.0945163518190383,V9 1.3.4.5 Pers Close Focused
37,Untitled (29).png,0.0269993692636489,0.1274707615375518,0.1004713922739029,V9 1.3.4.5 Pers Close Focused
38,Untitled (61).png,0.0243192017078399,0.1627590656280517,0.1384398639202118,V9 1.3.4.5 Pers Close Focused
39,Untitled (6).png,0.0200921595096588,0.1469716727733612,0.1268795132637024,V9 1.3.4.5 Pers Close Focused
40,Untitled (31).png,0.0196428596973419,0.1185334771871566,0.0988906174898147,V9 1.3.4.5 Pers Close Focused
41,Untitled (48).png,0.017285868525505,0.1074084937572479,0.0901226252317428,V9 1.3.4.5 Pers Close Focused
42,Untitled (14).png,0.0108841806650161,0.1554584354162216,0.1445742547512054,V9 1.3.4.5 Pers Close Focused
43,Untitled (34).png,0.0061206072568893,0.0821387693285942,0.0760181620717048,V9 1.3.4.5 Pers Close Focused
44,Untitled (49).png,0.0038241222500801,0.1071875989437103,0.1033634766936302,V9 1.3.4.5 Pers Close Focused
45,Untitled (62).png,0.0016389638185501,0.141751080751419,0.1401121169328689,V9 1.3.4.5 Pers Close Focused
46,Untitled (36).png,-0.0181335657835006,0.1352560967206955,0.1533896625041961,V9 1.3.4.5 Pers Close Focused
47,Untitled (32).png,-0.0196813195943832,0.1278447657823562,0.1475260853767395,V9 1.3.4.5 Pers Close Focused
48,Untitled (37).png,-0.0223197937011718,0.1228341609239578,0.1451539546251297,V9 1.3.4.5 Pers Close Focused
49,Untitled (53).png,-0.0327986925840377,0.0726507157087326,0.1054494082927703,V9 1.3.4.5 Pers Close Focused
50,Untitled (51).png,-0.0359419137239456,0.1075330972671508,0.1434750109910965,V9 1.3.4.5 Pers Close Focused
51,Untitled (50).png,-0.0376078486442565,0.0949299037456512,0.1325377523899078,V9 1.3.4.5 Pers Close Focused
52,Untitled (52).png,-0.0406007245182991,0.0697829127311706,0.1103836372494697,V9 1.3.4.5 Pers Close Focused
53,Untitled (18).png,-0.0410634726285934,0.0853617042303085,0.1264251768589019,V9 1.3.4.5 Pers Close Focused
54,Untitled (35).png,-0.0464285314083099,0.1220932006835937,0.1685217320919037,V9 1.3.4.5 Pers Close Focused
